[
{
        "id": 1,
        "organizer": "John Doe",
        "title": "Delhi Electronic Music Festival",
        "description": "Experience the best electronic music artists from India and around the world in a two-day festival at India Gate.",
        "category": "Music",
        "date": "2025-04-12T16:00:00",
        "location": "India Gate Lawns, New Delhi",
        "price": 2499,
        "capacity": 8000,
        "imageUrl": "https://images.unsplash.com/photo-1533174072545-7a4b6ad7a6c3?auto=format&fit=crop&q=80"
},
{
        "id": 2,
        "organizer": "Raj Malhotra",
        "title": "Classical Ragas Under the Stars",
        "description": "An enchanting night of classical Indian music featuring renowned sitar and tabla maestros performing traditional ragas.",
        "category": "Music",
        "date": "2025-03-22T19:30:00",
        "location": "Purana Qila, New Delhi",
        "price": 1200,
        "capacity": 1500,
        "imageUrl": "https://images.unsplash.com/photo-1508454868649-abc39873d8c3?auto=format&fit=crop&q=80"
},
{
        "id": 3,
        "organizer": "Meera Krishnan",
        "title": "Delhi Street Food Festival",
        "description": "Explore the diverse street food culture of Delhi with over 100 stalls showcasing iconic dishes from across India.",
        "category": "Food & Drink",
        "date": "2025-02-18T12:00:00",
        "location": "Jawaharlal Nehru Stadium, New Delhi",
        "price": 450,
        "capacity": 15000,
        "imageUrl": "https://images.unsplash.com/photo-1596456042795-82cae3062bf4?auto=format&fit=crop&q=80"
},
{
        "id": 4,
        "organizer": "Vikram Singh",
        "title": "Gourmet Delhi Wine & Cheese Festival",
        "description": "Sample exquisite wines paired with artisanal cheeses from India and abroad in this luxurious culinary experience.",
        "category": "Food & Drink",
        "date": "2025-05-08T17:00:00",
        "location": "The Leela Palace, New Delhi",
        "price": 3500,
        "capacity": 800,
        "imageUrl": "https://images.unsplash.com/photo-1528823872057-9c018a7a7553?auto=format&fit=crop&q=80"
},
{
        "id": 5,
        "organizer": "John Doe",
        "title": "Delhi Tech Summit 2025",
        "description": "Connect with tech leaders, startups, and innovators at India's premier technology conference featuring keynotes and workshops.",
        "category": "Tech",
        "date": "2025-06-24T09:00:00",
        "location": "Pragati Maidan, New Delhi",
        "price": 5000,
        "capacity": 4000,
        "imageUrl": "https://images.unsplash.com/photo-1519389950473-47ba0277781c?auto=format&fit=crop&q=80"
},
{
        "id": 6,
        "organizer": "Aditya Sharma",
        "title": "AI & Machine Learning Bootcamp",
        "description": "Intensive two-day workshop on practical AI and ML applications with hands-on sessions led by industry experts.",
        "category": "Tech",
        "date": "2025-03-14T10:00:00",
        "location": "The LaLit, New Delhi",
        "price": 7500,
        "capacity": 200,
        "imageUrl": "https://images.unsplash.com/photo-1531482615713-2afd69097998?auto=format&fit=crop&q=80"
},
{
        "id": 7,
        "organizer": "Sanjay Kapoor",
        "title": "IPL Fan Festival Delhi",
        "description": "Meet cricket stars, participate in fan activities, and experience the IPL excitement with giant screens showing live matches.",
        "category": "Sports",
        "date": "2025-04-05T14:00:00",
        "location": "Arun Jaitley Stadium, New Delhi",
        "price": 700,
        "capacity": 20000,
        "imageUrl": "https://images.unsplash.com/photo-1540747913346-19e32dc3e97e?auto=format&fit=crop&q=80"
},
{
        "id": 8,
        "organizer": "Neha Verma",
        "title": "Delhi Marathon 2025",
        "description": "Run through historic Delhi in this annual marathon featuring 5K, 10K, half and full marathon courses suitable for all fitness levels.",
        "category": "Sports",
        "date": "2025-01-19T06:00:00",
        "location": "Connaught Place, New Delhi",
        "price": 1200,
        "capacity": 25000,
        "imageUrl": "https://images.unsplash.com/photo-1530549387789-4c1017266635?auto=format&fit=crop&q=80"
},
{
        "id": 9,
        "organizer": "Arjun Nair",
        "title": "Contemporary Indian Art Exhibition",
        "description": "Discover works from emerging and established Indian artists exploring modern themes through various mediums and styles.",
        "category": "Art",
        "date": "2025-05-12T10:00:00",
        "location": "National Gallery of Modern Art, New Delhi",
        "price": 300,
        "capacity": 1000,
        "imageUrl": "https://images.unsplash.com/photo-1561839561-b13bcfe95249?auto=format&fit=crop&q=80"
},
{
        "id": 10,
        "organizer": "John Doe",
        "title": "Delhi Street Art Festival",
        "description": "Watch artists transform city walls with stunning murals and participate in workshops to learn graffiti techniques.",
        "category": "Art",
        "date": "2025-02-28T11:00:00",
        "location": "Lodhi Colony, New Delhi",
        "price": 0,
        "capacity": 5000,
        "imageUrl": "https://images.unsplash.com/photo-1572516712522-2932f775ab94?auto=format&fit=crop&q=80"
},
{
        "id": 11,
        "organizer": "Rohit Agarwal",
        "title": "India Startup Investment Forum",
        "description": "Connect startups with investors in this premier networking event featuring pitch competitions and investment opportunities.",
        "category": "Business",
        "date": "2025-07-17T09:00:00",
        "location": "The Oberoi, New Delhi",
        "price": 8500,
        "capacity": 600,
        "imageUrl": "https://images.unsplash.com/photo-1519389950473-47ba0277781c?auto=format&fit=crop&q=80"
},
{
        "id": 12,
        "organizer": "Priya Joshi",
        "title": "Women Entrepreneurs Summit Delhi",
        "description": "Celebrating women in business with keynotes, panel discussions, and networking designed to empower female entrepreneurs.",
        "category": "Business",
        "date": "2025-03-08T10:00:00",
        "location": "The Claridges, New Delhi",
        "price": 3200,
        "capacity": 500,
        "imageUrl": "https://images.unsplash.com/photo-1573164574572-cb89e39749b4?auto=format&fit=crop&q=80"
},
{
        "id": 13,
        "organizer": "Manish Malhotra",
        "title": "Bollywood Music Awards Night",
        "description": "Star-studded evening celebrating the best of Bollywood music with live performances and celebrity appearances.",
        "category": "Entertainment",
        "date": "2025-06-05T19:00:00",
        "location": "Indira Gandhi Indoor Stadium, New Delhi",
        "price": 5000,
        "capacity": 12000,
        "imageUrl": "https://images.unsplash.com/photo-1514525253161-7a46d19cd819?auto=format&fit=crop&q=80"
},
{
        "id": 14,
        "organizer": "John Doe",
        "title": "Delhi Comedy Festival",
        "description": "Three days of non-stop laughter featuring India's top stand-up comedians and international comedy stars.",
        "category": "Entertainment",
        "date": "2025-04-18T18:30:00",
        "location": "Siri Fort Auditorium, New Delhi",
        "price": 1800,
        "capacity": 2500,
        "imageUrl": "https://images.unsplash.com/photo-1527224857830-43a7acc85260?auto=format&fit=crop&q=80"
},
{
        "id": 15,
        "organizer": "Dr. Anjali Sharma",
        "title": "Holistic Health & Wellness Expo",
        "description": "Explore alternative healing practices, yoga, meditation, and nutrition advice from practitioners and wellness experts.",
        "category": "Health",
        "date": "2025-02-15T09:00:00",
        "location": "Thyagaraj Sports Complex, New Delhi",
        "price": 500,
        "capacity": 3000,
        "imageUrl": "https://images.unsplash.com/photo-1544367567-0f2fcb009e0b?auto=format&fit=crop&q=80"
},
{
        "id": 16,
        "organizer": "Vivek Mehta",
        "title": "Delhi Fitness Challenge",
        "description": "Multi-sport fitness competition with categories for all levels, featuring CrossFit, yoga, and strength challenges.",
        "category": "Health",
        "date": "2025-05-24T07:00:00",
        "location": "Major Dhyan Chand National Stadium, New Delhi",
        "price": 1500,
        "capacity": 2000,
        "imageUrl": "https://images.unsplash.com/photo-1534438327276-14e5300c3a48?auto=format&fit=crop&q=80"
},
{
        "id": 17,
        "organizer": "Prof. Rajan Mishra",
        "title": "International Education Fair Delhi",
        "description": "Meet representatives from top universities worldwide and attend seminars on scholarships and application processes.",
        "category": "Education",
        "date": "2025-08-10T10:00:00",
        "location": "The Ashok Hotel, New Delhi",
        "price": 200,
        "capacity": 5000,
        "imageUrl": "https://images.unsplash.com/photo-1523050854058-8df90110c9f1?auto=format&fit=crop&q=80"
},
{
        "id": 18,
        "organizer": "John Doe",
        "title": "Delhi Science Festival for Schools",
        "description": "Interactive science exhibits, competitions, and workshops designed to inspire students' interest in STEM subjects.",
        "category": "Education",
        "date": "2025-07-05T09:00:00",
        "location": "National Science Centre, New Delhi",
        "price": 150,
        "capacity": 4000,
        "imageUrl": "https://images.unsplash.com/photo-1567306226416-28f0efdc88ce?auto=format&fit=crop&q=80"
},
{
        "id": 19,
        "organizer": "Sabyasachi Mukherjee",
        "title": "Delhi Fashion Week 2025",
        "description": "Premier fashion event showcasing collections from India's top designers and exciting new talent.",
        "category": "Fashion",
        "date": "2025-03-28T14:00:00",
        "location": "The Taj Palace, New Delhi",
        "price": 4000,
        "capacity": 1200,
        "imageUrl": "https://images.unsplash.com/photo-1529139574466-a303027c1d8b?auto=format&fit=crop&q=80"
},
{
        "id": 20,
        "organizer": "Neeta Lulla",
        "title": "Traditional Indian Textiles Exhibition",
        "description": "Celebrating India's rich textile heritage with displays of handloom fabrics, demonstrations, and shopping opportunities.",
        "category": "Fashion",
        "date": "2025-09-12T11:00:00",
        "location": "Crafts Museum, New Delhi",
        "price": 350,
        "capacity": 1500,
        "imageUrl": "https://images.unsplash.com/photo-1512436991641-6745cdb1723f?auto=format&fit=crop&q=80"
},
{
        "id": 21,
        "organizer": "Anurag Kashyap",
        "title": "Delhi International Film Festival",
        "description": "Screening of award-winning international and Indian independent films with director Q&As and industry panels.",
        "category": "Film",
        "date": "2025-10-15T17:00:00",
        "location": "PVR Select Citywalk, New Delhi",
        "price": 1800,
        "capacity": 2000,
        "imageUrl": "https://images.unsplash.com/photo-1478720568477-152d9b164e26?auto=format&fit=crop&q=80"
},
{
        "id": 22,
        "organizer": "John Doe",
        "title": "Bollywood Retrospective: 100 Years of Indian Cinema",
        "description": "Celebrating the centenary of Indian cinema with classic film screenings, memorabilia exhibition, and talks by film historians.",
        "category": "Film",
        "date": "2025-06-30T12:00:00",
        "location": "India Habitat Centre, New Delhi",
        "price": 500,
        "capacity": 800,
        "imageUrl": "https://images.unsplash.com/photo-1542204165-65bf26472b9b?auto=format&fit=crop&q=80"
},
{
        "id": 23,
        "organizer": "Akshat Gupta",
        "title": "Delhi Gaming Championship",
        "description": "Competitive eSports tournament featuring popular games with cash prizes and the latest gaming tech exhibitions.",
        "category": "Gaming",
        "date": "2025-04-26T10:00:00",
        "location": "DLF CyberHub, Gurugram",
        "price": 800,
        "capacity": 3000,
        "imageUrl": "https://images.unsplash.com/photo-1542751371-adc38448a05e?auto=format&fit=crop&q=80"
},
{
        "id": 24,
        "organizer": "Tanmay Sharma",
        "title": "Indian Board Game Convention",
        "description": "Discover traditional and modern Indian board games with tournaments, game design workshops, and family activities.",
        "category": "Gaming",
        "date": "2025-05-17T11:00:00",
        "location": "Ambience Mall, New Delhi",
        "price": 350,
        "capacity": 1500,
        "imageUrl": "https://images.unsplash.com/photo-1610890716171-6b1bb98ffd09?auto=format&fit=crop&q=80"
},
{
        "id": 25,
        "organizer": "John Doe",
        "title": "Delhi Spirituality & Mindfulness Retreat",
        "description": "Weekend retreat offering meditation sessions, spiritual discussions, and mindfulness practices in a peaceful setting.",
        "category": "Lifestyle",
        "date": "2025-03-01T08:00:00",
        "location": "Zorba the Buddha, New Delhi",
        "price": 3500,
        "capacity": 150,
        "imageUrl": "https://images.unsplash.com/photo-1545389336-cf090694435e?auto=format&fit=crop&q=80"
},
{
        "id": 26,
        "organizer": "Divya Prakash",
        "title": "Sustainable Living Expo Delhi",
        "description": "Learn about eco-friendly products, zero-waste lifestyles, and sustainable practices for urban living.",
        "category": "Lifestyle",
        "date": "2025-07-22T10:00:00",
        "location": "Select Citywalk, New Delhi",
        "price": 200,
        "capacity": 5000,
        "imageUrl": "https://images.unsplash.com/photo-1542601906990-b4d3fb778b09?auto=format&fit=crop&q=80"
},
{
        "id": 27,
        "organizer": "Dr. Shashi Tharoor",
        "title": "India Innovation in Space Conference",
        "description": "Explore India's contributions to space science with talks by ISRO scientists and interactive exhibits.",
        "category": "Science",
        "date": "2025-02-10T09:30:00",
        "location": "Vigyan Bhawan, New Delhi",
        "price": 1200,
        "capacity": 2000,
        "imageUrl": "https://images.unsplash.com/photo-1451187580459-43490279c0fa?auto=format&fit=crop&q=80"
},
{
        "id": 28,
        "organizer": "John Doe",
        "title": "National Science & Technology Fair",
        "description": "Nationwide competition for young scientists showcasing innovative projects with industry mentorship opportunities.",
        "category": "Science",
        "date": "2025-11-14T10:00:00",
        "location": "Jawaharlal Nehru University, New Delhi",
        "price": 100,
        "capacity": 10000,
        "imageUrl": "https://images.unsplash.com/photo-1507413245164-6160d8298b31?auto=format&fit=crop&q=80"
},
{
        "id": 29,
        "organizer": "Anand Mahindra",
        "title": "Delhi Auto Expo 2025",
        "description": "India's premier automotive exhibition featuring new vehicle launches, concept cars, and the latest automotive technology.",
        "category": "Automotive",
        "date": "2025-01-25T09:00:00",
        "location": "India Expo Mart, Greater Noida",
        "price": 650,
        "capacity": 100000,
        "imageUrl": "https://images.unsplash.com/photo-1534093607318-f025413f49cb?auto=format&fit=crop&q=80"
},
{
        "id": 30,
        "organizer": "Rahul Bajaj",
        "title": "Vintage Car Rally Delhi",
        "description": "Showcase of classic and vintage cars from across India with parade, judging competition, and enthusiast meetups.",
        "category": "Automotive",
        "date": "2025-12-05T08:00:00",
        "location": "Rajpath, New Delhi",
        "price": 200,
        "capacity": 15000,
        "imageUrl": "https://images.unsplash.com/photo-1541443131876-44b03de101c5?auto=format&fit=crop&q=80"
},
{
        "id": 31,
        "organizer": "John Doe",
        "title": "Pottery & Ceramics Workshop Series",
        "description": "Learn traditional Indian pottery techniques and contemporary ceramic art in this hands-on workshop series.",
        "category": "Workshop",
        "date": "2025-02-08T14:00:00",
        "location": "Sanskriti Kendra, New Delhi",
        "price": 2500,
        "capacity": 40,
        "imageUrl": "https://images.unsplash.com/photo-1565371767810-ef910874b716?auto=format&fit=crop&q=80"
},
{
        "id": 32,
        "organizer": "Nandita Das",
        "title": "Documentary Filmmaking Masterclass",
        "description": "Intensive three-day workshop on documentary storytelling, filming techniques, and post-production with award-winning filmmakers.",
        "category": "Workshop",
        "date": "2025-08-21T10:00:00",
        "location": "Film and Television Institute, New Delhi",
        "price": 7500,
        "capacity": 50,
        "imageUrl": "https://images.unsplash.com/photo-1525659669567-f536ae0b385c?auto=format&fit=crop&q=80"
},
{
        "id": 33,
        "organizer": "Sunita Narain",
        "title": "Delhi Climate Action Summit",
        "description": "Conference focusing on urban sustainability with pollution reduction strategies and green technology solutions for cities.",
        "category": "Environment",
        "date": "2025-09-30T09:00:00",
        "location": "The Lalit, New Delhi",
        "price": 1800,
        "capacity": 1200,
        "imageUrl": "https://images.unsplash.com/photo-1557677514-666eb39d6d23?auto=format&fit=crop&q=80"
},
{
        "id": 34,
        "organizer": "John Doe",
        "title": "Yamuna River Cleanup Drive",
        "description": "Community environmental action event to clean up the Yamuna riverbanks and raise awareness about water pollution.",
        "category": "Environment",
        "date": "2025-06-05T07:00:00",
        "location": "Yamuna Ghat, New Delhi",
        "price": 0,
        "capacity": 5000,
        "imageUrl": "https://images.unsplash.com/photo-1621451737010-2a80a643f355?auto=format&fit=crop&q=80"
},
{
        "id": 35,
        "organizer": "Padma Shri Geeta Chandran",
        "title": "Classical Dance Festival Delhi",
        "description": "Celebrating India's classical dance forms with performances of Bharatanatyam, Kathak, Odissi, and more by master dancers.",
        "category": "Dance",
        "date": "2025-11-20T18:00:00",
        "location": "Kamani Auditorium, New Delhi",
        "price": 1200,
        "capacity": 900,
        "imageUrl": "https://images.unsplash.com/photo-1535525153412-5a42439a210d?auto=format&fit=crop&q=80"
},
{
        "id": 36,
        "organizer": "Terence Lewis",
        "title": "Contemporary Dance Workshop Weekend",
        "description": "Learn contemporary dance techniques, choreography, and expression in this immersive weekend workshop for all levels.",
        "category": "Dance",
        "date": "2025-04-11T10:00:00",
        "location": "Shri Ram Centre, New Delhi",
        "price": 3500,
        "capacity": 100,
        "imageUrl": "https://images.unsplash.com/photo-1508700115892-45ecd05ae2ad?auto=format&fit=crop&q=80"
},
{
        "id": 37,
        "organizer": "John Doe",
        "title": "Delhi Kids Science & Fun Fair",
        "description": "Family-friendly event with science experiments, games, amusement rides, and educational activities for children of all ages.",
        "category": "Family",
        "date": "2025-10-02T10:00:00",
        "location": "Nehru Park, New Delhi",
        "price": 300,
        "capacity": 8000,
        "imageUrl": "https://images.unsplash.com/photo-1573548134265-4eaca664cb95?auto=format&fit=crop&q=80"
},
{
        "id": 38,
        "organizer": "Sudha Murty",
        "title": "Children's Literature Festival Delhi",
        "description": "Celebrating children's books with author readings, storytelling sessions, puppet shows, and creative writing workshops.",
        "category": "Family",
        "date": "2025-05-30T09:00:00",
        "location": "Indira Gandhi National Centre for the Arts, New Delhi",
        "price": 150,
        "capacity": 3000,
        "imageUrl": "https://images.unsplash.com/photo-1503676260728-1c00da094a0b?auto=format&fit=crop&q=80"
}
]